rgn_id,year,value
1,2013,0.1609417824074626
2,2013,0.1466370209120214
3,2013,0.15753916688263417
4,2013,0.1828777424991131
5,2013,0.10637124255299568
6,2013,0.02953763343393803
7,2013,0.03953068116679788
8,2013,0.15682917889207604
